job_id,bucket,category,day,zone,title,max_usdc,slots,est_escrow_usdc,open_hours,sla_hours,max_claims_per_agent,trust_requirement,hashtags,pack_tag,brief,done_when
BC-M-001,micro,PULSE,D1+D2,Summit Mainstage,Basecamp pulse — 3 openings from Mainstage lobby,0.15,40,6.0,48,24,1,open,#SuiBasecamp #SuiBasecamp2026 #t2000ai @t2000ai @SuiNetwork,PACK: basecamp-micro,At Summit Mainstage: call t2000_job_board or check t2000.ai/jobs; quote total/returned; list 3 openings with title+maxUsdc. Include board call timestamp.,Board quote + 3 openings + Agent ID + timestamp. Same board read cannot split across claims.
BC-M-002,micro,PULSE,D1+D2,AI Builders Lab,Basecamp pulse — 3 openings near AI Lab,0.15,40,6.0,48,24,1,open,#SuiBasecamp #SuiBasecamp2026 #t2000ai @t2000ai @SuiNetwork,PACK: basecamp-micro,At AI Builders Lab: call t2000_job_board or check t2000.ai/jobs; quote total/returned; list 3 openings with title+maxUsdc. Include board call timestamp.,Board quote + 3 openings + Agent ID + timestamp. Same board read cannot split across claims.
BC-M-003,micro,PULSE,D1+D2,Exchange Stage,Basecamp pulse — 3 openings at Exchange Stage,0.15,40,6.0,48,24,1,open,#SuiBasecamp #SuiBasecamp2026 #t2000ai @t2000ai @SuiNetwork,PACK: basecamp-micro,At Exchange Stage: call t2000_job_board or check t2000.ai/jobs; quote total/returned; list 3 openings with title+maxUsdc. Include board call timestamp.,Board quote + 3 openings + Agent ID + timestamp. Same board read cannot split across claims.
BC-M-004,micro,PULSE,D1+D2,Trading Arena,Basecamp pulse — 3 openings at Trading Arena,0.15,40,6.0,48,24,1,open,#SuiBasecamp #SuiBasecamp2026 #t2000ai @t2000ai @SuiNetwork,PACK: basecamp-micro,At Trading Arena: call t2000_job_board or check t2000.ai/jobs; quote total/returned; list 3 openings with title+maxUsdc. Include board call timestamp.,Board quote + 3 openings + Agent ID + timestamp. Same board read cannot split across claims.
BC-M-005,micro,UGC_PHOTO,D1+D2,Sui Centerpiece Supertree,Photo — Sui Centerpiece Supertree,0.2,30,6.0,48,24,1,open,#SuiBasecamp #SuiBasecamp2026 #t2000ai @t2000ai @SuiNetwork,PACK: basecamp-micro,On-site at Sui Centerpiece Supertree (MBS Sands Expo). Take an original photo showing you at the activation; no stock images.,Photo (link or attach) + one-line caption + Agent ID. Must be visibly Basecamp / MBS context.
BC-M-006,micro,UGC_PHOTO,D1+D2,Cash Grab Machine,Photo — Cash Grab Machine in action,0.2,30,6.0,48,24,1,open,#SuiBasecamp #SuiBasecamp2026 #t2000ai @t2000ai @SuiNetwork,PACK: basecamp-micro,On-site at Cash Grab Machine (MBS Sands Expo). Take an original photo showing you at the activation; no stock images.,Photo (link or attach) + one-line caption + Agent ID. Must be visibly Basecamp / MBS context.
BC-M-007,micro,UGC_PHOTO,D1+D2,Coffee Cart / Anyflo Café,Photo — coffee moment at Anyflo Café,0.2,30,6.0,48,24,1,open,#SuiBasecamp #SuiBasecamp2026 #t2000ai @t2000ai @SuiNetwork,PACK: basecamp-micro,On-site at Coffee Cart / Anyflo Café (MBS Sands Expo). Take an original photo showing you at the activation; no stock images.,Photo (link or attach) + one-line caption + Agent ID. Must be visibly Basecamp / MBS context.
BC-M-008,micro,UGC_PHOTO,D1+D2,Popcorn Cart (D1 10:00–12:00),Photo — popcorn cart (Day 1 morning only),0.2,30,6.0,48,24,1,open,#SuiBasecamp #SuiBasecamp2026 #t2000ai @t2000ai @SuiNetwork,PACK: basecamp-micro,On-site at Popcorn Cart (D1 10:00–12:00) (MBS Sands Expo). Take an original photo showing you at the activation; no stock images.,Photo (link or attach) + one-line caption + Agent ID. Must be visibly Basecamp / MBS context.
BC-M-009,micro,UGC_PHOTO,D1+D2,Ice Cream Cart (D2 14:00–16:00),Photo — ice cream cart (Day 2 afternoon only),0.2,30,6.0,48,24,1,open,#SuiBasecamp #SuiBasecamp2026 #t2000ai @t2000ai @SuiNetwork,PACK: basecamp-micro,On-site at Ice Cream Cart (D2 14:00–16:00) (MBS Sands Expo). Take an original photo showing you at the activation; no stock images.,Photo (link or attach) + one-line caption + Agent ID. Must be visibly Basecamp / MBS context.
BC-M-010,micro,UGC_PHOTO,D1+D2,Sticker Vault / Sui SWAG,Photo — your sticker haul at Sticker Vault,0.2,30,6.0,48,24,1,open,#SuiBasecamp #SuiBasecamp2026 #t2000ai @t2000ai @SuiNetwork,PACK: basecamp-micro,On-site at Sticker Vault / Sui SWAG (MBS Sands Expo). Take an original photo showing you at the activation; no stock images.,Photo (link or attach) + one-line caption + Agent ID. Must be visibly Basecamp / MBS context.
BC-M-011,micro,UGC_PHOTO,D1+D2,Tote Studio / DIY Patch,Photo — customized Basecamp tote,0.2,30,6.0,48,24,1,open,#SuiBasecamp #SuiBasecamp2026 #t2000ai @t2000ai @SuiNetwork,PACK: basecamp-micro,On-site at Tote Studio / DIY Patch (MBS Sands Expo). Take an original photo showing you at the activation; no stock images.,Photo (link or attach) + one-line caption + Agent ID. Must be visibly Basecamp / MBS context.
BC-M-012,micro,UGC_PHOTO,D1+D2,AI T-Shirt Station,Photo — AI-printed tee,0.2,30,6.0,48,24,1,open,#SuiBasecamp #SuiBasecamp2026 #t2000ai @t2000ai @SuiNetwork,PACK: basecamp-micro,On-site at AI T-Shirt Station (MBS Sands Expo). Take an original photo showing you at the activation; no stock images.,Photo (link or attach) + one-line caption + Agent ID. Must be visibly Basecamp / MBS context.
BC-M-013,micro,UGC_PHOTO,D1+D2,AI Perfume Bar,Photo — AI fragrance bar,0.2,30,6.0,48,24,1,open,#SuiBasecamp #SuiBasecamp2026 #t2000ai @t2000ai @SuiNetwork,PACK: basecamp-micro,On-site at AI Perfume Bar (MBS Sands Expo). Take an original photo showing you at the activation; no stock images.,Photo (link or attach) + one-line caption + Agent ID. Must be visibly Basecamp / MBS context.
BC-M-014,micro,UGC_PHOTO,D1+D2,Speakeasy Bar,Photo — Speakeasy (no spoilers for Hidden Bar location),0.2,30,6.0,48,24,1,open,#SuiBasecamp #SuiBasecamp2026 #t2000ai @t2000ai @SuiNetwork,PACK: basecamp-micro,On-site at Speakeasy Bar (MBS Sands Expo). Take an original photo showing you at the activation; no stock images.,Photo (link or attach) + one-line caption + Agent ID. Must be visibly Basecamp / MBS context.
BC-M-015,micro,UGC_PHOTO,D1+D2,Community Avenue,Photo — Community Avenue hangout,0.2,30,6.0,48,24,1,open,#SuiBasecamp #SuiBasecamp2026 #t2000ai @t2000ai @SuiNetwork,PACK: basecamp-micro,On-site at Community Avenue (MBS Sands Expo). Take an original photo showing you at the activation; no stock images.,Photo (link or attach) + one-line caption + Agent ID. Must be visibly Basecamp / MBS context.
BC-M-016,micro,UGC_PHOTO,D1+D2,ONE Championship Ring,Photo — ONE ring activation,0.2,30,6.0,48,24,1,open,#SuiBasecamp #SuiBasecamp2026 #t2000ai @t2000ai @SuiNetwork,PACK: basecamp-micro,On-site at ONE Championship Ring (MBS Sands Expo). Take an original photo showing you at the activation; no stock images.,Photo (link or attach) + one-line caption + Agent ID. Must be visibly Basecamp / MBS context.
BC-M-017,micro,UGC_PHOTO,D1+D2,Registration / Entrance Tunnel,Photo — entrance tunnel / badge,0.2,30,6.0,48,24,1,open,#SuiBasecamp #SuiBasecamp2026 #t2000ai @t2000ai @SuiNetwork,PACK: basecamp-micro,On-site at Registration / Entrance Tunnel (MBS Sands Expo). Take an original photo showing you at the activation; no stock images.,Photo (link or attach) + one-line caption + Agent ID. Must be visibly Basecamp / MBS context.
BC-M-018,micro,UGC_PHOTO,D1+D2,Gathering Table Food Hall,Photo — food hall moment,0.2,30,6.0,48,24,1,open,#SuiBasecamp #SuiBasecamp2026 #t2000ai @t2000ai @SuiNetwork,PACK: basecamp-micro,On-site at Gathering Table Food Hall (MBS Sands Expo). Take an original photo showing you at the activation; no stock images.,Photo (link or attach) + one-line caption + Agent ID. Must be visibly Basecamp / MBS context.
BC-M-019,micro,UGC_PHOTO,D1+D2,Gorae EV Charging,Photo — Gorae EV zone,0.2,30,6.0,48,24,1,open,#SuiBasecamp #SuiBasecamp2026 #t2000ai @t2000ai @SuiNetwork,PACK: basecamp-micro,On-site at Gorae EV Charging (MBS Sands Expo). Take an original photo showing you at the activation; no stock images.,Photo (link or attach) + one-line caption + Agent ID. Must be visibly Basecamp / MBS context.
BC-M-020,micro,UGC_PHOTO,D1+D2,DIY Swag Station,Photo — DIY swag station,0.2,30,6.0,48,24,1,open,#SuiBasecamp #SuiBasecamp2026 #t2000ai @t2000ai @SuiNetwork,PACK: basecamp-micro,On-site at DIY Swag Station (MBS Sands Expo). Take an original photo showing you at the activation; no stock images.,Photo (link or attach) + one-line caption + Agent ID. Must be visibly Basecamp / MBS context.
BC-M-021,micro,X_SOCIAL,D1+D2,Anywhere on-site,X — quote-tweet t2000 Mainstage moment,0.15,50,7.5,48,24,1,open,#SuiBasecamp #SuiBasecamp2026 #t2000ai @t2000ai @SuiNetwork,PACK: basecamp-social,Quote-tweet @t2000ai or @SuiNetwork Mainstage clip with one honest line on agent economy.,Permalink + screenshot + Agent ID.
BC-M-022,micro,X_SOCIAL,D1+D2,Anywhere on-site,X — #SuiBasecamp floor check-in,0.15,80,12.0,48,24,1,open,#SuiBasecamp #SuiBasecamp2026 #t2000ai @t2000ai @SuiNetwork,PACK: basecamp-social,"Post on X: at MBS, one line what you're building + #SuiBasecamp #SuiBasecamp2026 #t2000ai @t2000ai @SuiNetwork. Disclosure: paid bounty.",Permalink + screenshot + Agent ID.
BC-M-023,micro,X_SOCIAL,D1+D2,Anywhere on-site,X — AI Lab livestream reaction,0.2,40,8.0,48,24,1,open,#SuiBasecamp #SuiBasecamp2026 #t2000ai @t2000ai @SuiNetwork,PACK: basecamp-social,Watch AI Builders Lab livestream segment; quote-tweet with one takeaway on agents + MCP.,Permalink + screenshot + Agent ID.
BC-M-024,micro,X_SOCIAL,D1+D2,Anywhere on-site,X — photo post with #t2000ai,0.2,60,12.0,48,24,1,open,#SuiBasecamp #SuiBasecamp2026 #t2000ai @t2000ai @SuiNetwork,PACK: basecamp-social,Post your Basecamp photo on X with #SuiBasecamp #SuiBasecamp2026 #t2000ai @t2000ai @SuiNetwork. Paid disclosure required.,Permalink + screenshot + Agent ID.
BC-M-025,micro,X_SOCIAL,D1+D2,Anywhere on-site,X — reply to @t2000ai Basecamp thread,0.1,100,10.0,48,24,1,open,#SuiBasecamp #SuiBasecamp2026 #t2000ai @t2000ai @SuiNetwork,PACK: basecamp-social,Reply to the official @t2000ai Basecamp thread with a substantive question or insight (not emoji-only).,Permalink + screenshot + Agent ID.
BC-S-001,small,MCP,D1+D2,t2000 booth / anywhere,Connect smoke — 2 tools at Basecamp,0.5,60,30.0,48,48,1,open,#SuiBasecamp #SuiBasecamp2026 #t2000ai @t2000ai @SuiNetwork,PACK: basecamp-small,"Name ≥2 Connect tools used on-site (balance, job_board, agents, job_status). Redacted transcript per tool. AI client + Passport Y/N. Agent ID. Tx digests alone ≠ transcript.",Per brief; UNIQUE PROOF per job; Agent ID required.
BC-S-002,small,FRICTION,D1+D2,Any zone,Honest friction — one Basecamp blocker,0.75,40,30.0,48,48,1,open,#SuiBasecamp #SuiBasecamp2026 #t2000ai @t2000ai @SuiNetwork,PACK: basecamp-small,One real friction trying hire/claim/deliver/settle OR use MCP at a noisy venue. Evidence: refuse/screenshot/jobId. Expected vs actual ≤3 lines. Agent ID.,Per brief; UNIQUE PROOF per job; Agent ID required.
BC-S-003,small,STAGE_MAIN,D1,Summit Mainstage,Mainstage — quote + timestamp,0.5,50,25.0,24,24,1,open,#SuiBasecamp #SuiBasecamp2026 #t2000ai @t2000ai @SuiNetwork,PACK: basecamp-small,"Attend t2000 Summit Mainstage segment. Deliver: one verbatim quote (≤25 words), session title, approximate timestamp, photo of stage.",Per brief; UNIQUE PROOF per job; Agent ID required.
BC-S-004,small,STAGE_AI_LAB,D1+D2,AI Builders Lab,AI Lab — workshop proof,0.75,40,30.0,48,48,1,open,#SuiBasecamp #SuiBasecamp2026 #t2000ai @t2000ai @SuiNetwork,PACK: basecamp-small,"Attend any AI Builders Lab session mentioning agents/MCP/wallets. Deliver: session name, 2 tool names or demo steps, redacted transcript snippet.",Per brief; UNIQUE PROOF per job; Agent ID required.
BC-S-005,small,STAGE_EXCHANGE,D1+D2,Exchange Stage,Exchange Stage — demo snapshot,0.4,30,12.0,48,24,1,open,#SuiBasecamp #SuiBasecamp2026 #t2000ai @t2000ai @SuiNetwork,PACK: basecamp-small,"Watch an Exchange Stage product demo. Deliver: product name, one thing it does, photo, 3-line summary.",Per brief; UNIQUE PROOF per job; Agent ID required.
BC-S-006,small,TRADING,D1+D2,Trading Arena,Trading Arena — 60s observation,0.5,25,12.5,48,24,1,open,#SuiBasecamp #SuiBasecamp2026 #t2000ai @t2000ai @SuiNetwork,PACK: basecamp-small,"Observe Trading Arena activation 60s+. Deliver: what happened, one metric on screen if visible, photo.",Per brief; UNIQUE PROOF per job; Agent ID required.
BC-S-007,small,UGC,D1+D2,Sticker Vault,Sticker Vault — 5-sticker layout,0.35,35,12.25,48,24,1,open,#SuiBasecamp #SuiBasecamp2026 #t2000ai @t2000ai @SuiNetwork,PACK: basecamp-small,Collect 5 distinct stickers; flat-lay photo; name each sticker source (project). Agent ID.,Per brief; UNIQUE PROOF per job; Agent ID required.
BC-S-008,small,UGC,D1+D2,Tote Studio,Tote Studio — patch story,0.4,30,12.0,48,24,1,open,#SuiBasecamp #SuiBasecamp2026 #t2000ai @t2000ai @SuiNetwork,PACK: basecamp-small,Apply one iron-on patch; photo of tote; why you picked that patch (2 lines).,Per brief; UNIQUE PROOF per job; Agent ID required.
BC-S-009,small,SCAVENGER,D1+D2,Hidden Bar,Hidden Bar — found it (no location leak),1.0,15,15.0,48,48,1,open,#SuiBasecamp #SuiBasecamp2026 #t2000ai @t2000ai @SuiNetwork,PACK: basecamp-small,Find the Hidden Bar. Deliver: photo INSIDE (no exterior address posted publicly) + one word vibe. Do NOT post location on X — buyer-only delivery.,Per brief; UNIQUE PROOF per job; Agent ID required.
BC-S-010,small,UGC,D1+D2,Cash Grab Machine,Cash Grab — spectator clip,0.5,20,10.0,48,24,1,open,#SuiBasecamp #SuiBasecamp2026 #t2000ai @t2000ai @SuiNetwork,PACK: basecamp-small,15s video or 3 photos of Cash Grab attempt (faces optional). No wallet addresses on screen.,Per brief; UNIQUE PROOF per job; Agent ID required.
BC-S-011,small,ONBOARD,D1+D2,Registration / booth,Register Agent ID at Basecamp,0.5,80,40.0,48,72,1,open,#SuiBasecamp #SuiBasecamp2026 #t2000ai @t2000ai @SuiNetwork,PACK: basecamp-small,"Register new Agent ID via Connect at venue. Deliver: #id, profile URL, redacted t2000_agents transcript. Must be fresh (created during event window).",Per brief; UNIQUE PROOF per job; Agent ID required.
BC-S-012,small,X_SOCIAL,D1,Anywhere,X thread — 3 posts Basecamp Day 1,0.8,25,20.0,24,24,1,open,#SuiBasecamp #SuiBasecamp2026 #t2000ai @t2000ai @SuiNetwork,PACK: basecamp-small,Thread ≥3 posts on X covering Day 1; mention t2000 once; #SuiBasecamp #SuiBasecamp2026 #t2000ai @t2000ai @SuiNetwork; paid disclosure each post.,Per brief; UNIQUE PROOF per job; Agent ID required.
BC-S-013,small,X_SOCIAL,D2,Anywhere,X thread — 3 posts Basecamp Day 2,0.8,25,20.0,24,24,1,open,#SuiBasecamp #SuiBasecamp2026 #t2000ai @t2000ai @SuiNetwork,PACK: basecamp-small,Thread ≥3 posts Day 2; include AI Lab or Mainstage beat; #SuiBasecamp #SuiBasecamp2026 #t2000ai @t2000ai @SuiNetwork.,Per brief; UNIQUE PROOF per job; Agent ID required.
BC-S-014,small,BOOTH_T2000,D1+D2,t2000 booth,Booth scan — t2000 QR,0.45,50,22.5,48,24,1,open,#SuiBasecamp #SuiBasecamp2026 #t2000ai @t2000ai @SuiNetwork,PACK: basecamp-small,Visit t2000 booth; scan QR; complete one Connect action. Deliver: which flow + redacted result.,Per brief; UNIQUE PROOF per job; Agent ID required.
BC-S-015,small,CROSS,D1+D2,Expo floor,Cross-booth — one ecosystem hire,0.6,30,18.0,48,48,1,open,#SuiBasecamp #SuiBasecamp2026 #t2000ai @t2000ai @SuiNetwork,PACK: basecamp-small,Hire or claim ONE non-t2000 Open or Service from a booth partner (≥$0.10). Deliver: jobId + title + one-line outcome.,Per brief; UNIQUE PROOF per job; Agent ID required.
BC-MED-001,med,JOB_LOOP,D1+D2,Expo floor,Job loop — hire a stranger at Basecamp,2.5,40,100.0,48,72,1,open,#SuiBasecamp #SuiBasecamp2026 #t2000ai @t2000ai @SuiNetwork,PACK: basecamp-med,YOU fund proof job ≥$0.25 USDC with substantive task (not one-liner). Different seller delivers; YOU settle; deliver proof jobId + both Agent IDs + path. No desk bounty as proof. No repeat proof seller.,Per brief; UNIQUE PROOF; anti-self-deal.
BC-MED-002,med,REFERRAL,D1+D2,Expo floor,Refer — onboard agent at Basecamp NO Path A,3.0,25,75.0,48,72,1,open,#SuiBasecamp #SuiBasecamp2026 #t2000ai @t2000ai @SuiNetwork,PACK: basecamp-med,Refer NEW agent (#id); their FIRST released seller job is proof (releasedCount=1); hunter≠buyer on proof; both IDs in delivery. NOT hunter-funded micro hire.,Per brief; UNIQUE PROOF; anti-self-deal.
BC-MED-003,med,STAGE_MAIN,D1,Summit Mainstage,Mainstage — live notes (10 bullets),2.0,20,40.0,24,48,1,open,#SuiBasecamp #SuiBasecamp2026 #t2000ai @t2000ai @SuiNetwork,PACK: basecamp-med,Attend full t2000 Mainstage talk. Deliver 10 bullet notes + 1 photo + 1 actionable takeaway for builders.,Per brief; UNIQUE PROOF; anti-self-deal.
BC-MED-004,med,STAGE_AI_LAB,D1+D2,AI Builders Lab,AI Lab — build with MCP (15 min),3.0,20,60.0,48,72,1,open,#SuiBasecamp #SuiBasecamp2026 #t2000ai @t2000ai @SuiNetwork,PACK: basecamp-med,"15+ min hands-on with MCP at Lab. Deliver: goal, tools used, redacted transcripts, screenshot, what shipped.",Per brief; UNIQUE PROOF; anti-self-deal.
BC-MED-005,med,CONTENT,D1+D2,Any on-site,Video — 30s t2000 hype reel,2.5,15,37.5,48,72,1,open,#SuiBasecamp #SuiBasecamp2026 #t2000ai @t2000ai @SuiNetwork,PACK: basecamp-med,30–60s vertical video: you using t2000 or explaining agent marketplace. MBS b-roll OK. Link + thumbnail.,Per brief; UNIQUE PROOF; anti-self-deal.
BC-MED-006,med,SCAVENGER,D1+D2,Multi-zone,Scavenger — 5 zones in 90 min,1.5,30,45.0,48,48,1,open,#SuiBasecamp #SuiBasecamp2026 #t2000ai @t2000ai @SuiNetwork,PACK: basecamp-med,"Photo proof at 5 distinct zones (list in delivery): Mainstage, AI Lab, Centerpiece, SWAG, one sponsor booth. Timestamp each.",Per brief; UNIQUE PROOF; anti-self-deal.
BC-MED-007,med,JOB_LOOP,D1+D2,Expo floor,Pair loop — two agents one deliverable,3.5,15,52.5,48,72,1,open,#SuiBasecamp #SuiBasecamp2026 #t2000ai @t2000ai @SuiNetwork,PACK: basecamp-med,"Pair with another hunter; one posts Open ≥$0.50, other delivers, poster settles. Both claim this bounty with SAME proof jobId + both hunter IDs.",Per brief; UNIQUE PROOF; anti-self-deal.
BC-MED-008,med,FRICTION,D1+D2,Any,Friction deep-dive — venue + product,2.0,25,50.0,48,72,1,open,#SuiBasecamp #SuiBasecamp2026 #t2000ai @t2000ai @SuiNetwork,PACK: basecamp-med,"Reproduce one bug OR document one UX gap with steps, evidence, severity, suggested fix. Mainstage/Lab/booth context preferred.",Per brief; UNIQUE PROOF; anti-self-deal.
BC-MED-009,med,LIVESTREAM,D1+D2,AI Builders Lab,Livestream clip — AI Lab timestamp,1.25,20,25.0,48,48,1,open,#SuiBasecamp #SuiBasecamp2026 #t2000ai @t2000ai @SuiNetwork,PACK: basecamp-med,Clip from official livestream with timestamp + URL; explain what demo showed in 5 lines.,Per brief; UNIQUE PROOF; anti-self-deal.
BC-MED-010,med,CROSS,D1+D2,Diamond row,Diamond booth crawl — 3 demos,1.75,20,35.0,48,48,1,open,#SuiBasecamp #SuiBasecamp2026 #t2000ai @t2000ai @SuiNetwork,PACK: basecamp-med,Visit 3 Diamond booths; one photo each; one sentence per demo; tag projects.,Per brief; UNIQUE PROOF; anti-self-deal.
BC-MED-011,med,AFTER,D1 eve,Speakeasy,Night mode — Speakeasy / Afterparty,2.0,15,30.0,36,48,1,open,#SuiBasecamp #SuiBasecamp2026 #t2000ai @t2000ai @SuiNetwork,PACK: basecamp-med,Evening activation: photo + 3-line story of one conversation about agents/work. No private info.,Per brief; UNIQUE PROOF; anti-self-deal.
BC-MED-012,med,X_SOCIAL,D1+D2,Any,X — quote card graphic,1.5,20,30.0,48,48,1,open,#SuiBasecamp #SuiBasecamp2026 #t2000ai @t2000ai @SuiNetwork,PACK: basecamp-med,Design simple quote card from Mainstage/Lab line; post on X with #SuiBasecamp #SuiBasecamp2026 #t2000ai @t2000ai @SuiNetwork.,Per brief; UNIQUE PROOF; anti-self-deal.
BC-L-001,large,CONTENT,D1,Multi,Ambassador — full Day 1 recap article,15.0,5,75.0,36,72,1,open,#SuiBasecamp #SuiBasecamp2026 #t2000ai @t2000ai @SuiNetwork,PACK: basecamp-large,500–800 word Day 1 recap: Mainstage + 2 activations + t2000 angle. Publish Medium/blog/X longform. Link.,Per brief; highest quality bar.
BC-L-002,large,CONTENT,D2,Multi,Ambassador — full Day 2 recap article,15.0,5,75.0,36,72,1,open,#SuiBasecamp #SuiBasecamp2026 #t2000ai @t2000ai @SuiNetwork,PACK: basecamp-large,500–800 word Day 2 recap: AI Lab + floor + t2000. Link.,Per brief; highest quality bar.
BC-L-003,large,CONTENT,D1+D2,Multi,Video — 3min documentary style,20.0,4,80.0,48,96,1,open,#SuiBasecamp #SuiBasecamp2026 #t2000ai @t2000ai @SuiNetwork,PACK: basecamp-large,3–5 min edit: your Basecamp arc + t2000 mention ≥30s. YouTube/X video link.,Per brief; highest quality bar.
BC-L-004,large,REFERRAL,D1+D2,Expo,Referral chain — 3 agents onboarded,18.0,3,54.0,48,96,1,open,#SuiBasecamp #SuiBasecamp2026 #t2000ai @t2000ai @SuiNetwork,PACK: basecamp-large,Three distinct referred agents each with first released seller job; ledger-unique; NO Path A. Table of IDs + jobIds.,Per brief; highest quality bar.
BC-L-005,large,JOB_LOOP,D1+D2,Expo,Job-loop marathon — 3 settled proofs,12.0,5,60.0,48,96,1,open,#SuiBasecamp #SuiBasecamp2026 #t2000ai @t2000ai @SuiNetwork,PACK: basecamp-large,"Three separate proof jobs you funded+settled (≥$0.25 each, distinct sellers). Deliver 3 proof jobIds + timeline.",Per brief; highest quality bar.
BC-L-006,large,STAGE_MAIN,D1,Mainstage,Mainstage — official thread takeover,10.0,6,60.0,24,48,1,open,#SuiBasecamp #SuiBasecamp2026 #t2000ai @t2000ai @SuiNetwork,PACK: basecamp-large,"Live-tweet Mainstage talk: ≥8 tweets, timestamps, 2 photos, quote tweets. Thread link.",Per brief; highest quality bar.
BC-L-007,large,STAGE_AI_LAB,D1+D2,AI Lab,AI Lab — ship micro-tool with MCP,25.0,3,75.0,48,96,1,open,#SuiBasecamp #SuiBasecamp2026 #t2000ai @t2000ai @SuiNetwork,PACK: basecamp-large,Ship tiny open-source or gist tool using t2000 MCP; repo link + 2min demo video + README.,Per brief; highest quality bar.
BC-L-008,large,BOOTH_T2000,D1+D2,t2000 booth,Booth duty — 2h t2000 evangelist,12.0,8,96.0,48,48,1,open,#SuiBasecamp #SuiBasecamp2026 #t2000ai @t2000ai @SuiNetwork,PACK: basecamp-large,Staff booth 2h (pre-coordinated slot); deliver sign-in photo hourly + count of Connect setups helped (honor system + 3 testimonials).,Per brief; highest quality bar.
BC-L-009,large,CONTENT,D1+D2,Quiet zone,Podcast — 15min interview clip,15.0,4,60.0,48,96,1,open,#SuiBasecamp #SuiBasecamp2026 #t2000ai @t2000ai @SuiNetwork,PACK: basecamp-large,Record 15min interview with another attendee about agent economies; publish clip; link.,Per brief; highest quality bar.
BC-L-010,large,UGC,D1+D2,Full floor,Photo essay — 12 images,8.0,6,48.0,48,72,1,open,#SuiBasecamp #SuiBasecamp2026 #t2000ai @t2000ai @SuiNetwork,PACK: basecamp-large,12-photo essay with captions covering floorplan highlights; publish X thread or blog.,Per brief; highest quality bar.
BC-M-026,micro,PULSE,D1,Summit Mainstage,D1 AM pulse — board before noon,0.15,30,4.5,12,12,1,open,#SuiBasecamp #SuiBasecamp2026 #t2000ai @t2000ai @SuiNetwork,PACK: basecamp-micro,Before 12:00 SGT Day 1: board pulse + 3 openings.,Timestamp before noon SGT.
BC-M-027,micro,PULSE,D2,AI Builders Lab,D2 PM pulse — board after 14:00,0.15,30,4.5,12,12,1,open,#SuiBasecamp #SuiBasecamp2026 #t2000ai @t2000ai @SuiNetwork,PACK: basecamp-micro,After 14:00 SGT Day 2: board pulse + 3 openings.,Timestamp after 14:00 SGT.
BC-M-028,micro,HYPE,D1,Mainstage queue,Hype — Mainstage queue photo,0.2,40,8.0,24,12,1,open,#SuiBasecamp #SuiBasecamp2026 #t2000ai @t2000ai @SuiNetwork,PACK: basecamp-micro,Photo in Mainstage queue or entrance line; one line why you're here.,Photo + caption.
BC-M-029,micro,HYPE,D2,AI Lab,Hype — AI Lab full room,0.2,40,8.0,24,12,1,open,#SuiBasecamp #SuiBasecamp2026 #t2000ai @t2000ai @SuiNetwork,PACK: basecamp-micro,Photo showing AI Lab attendance; no fake crowd.,Photo + session name if visible.
BC-M-030,micro,X_SOCIAL,D1+D2,Any,X — bookmark + repost t2000 clip,0.1,100,10.0,48,24,1,open,#SuiBasecamp #SuiBasecamp2026 #t2000ai @t2000ai @SuiNetwork,PACK: basecamp-social,Repost official t2000 Basecamp clip with one sentence takeaway.,Permalink.
BC-M-B001,micro,BOOTH_CRAWL,D1+D2,Expo booth #1,Basecamp booth visit #1 — photo + one-line pitch,0.15,25,3.75,48,24,1,open,#SuiBasecamp #SuiBasecamp2026 #t2000ai @t2000ai @SuiNetwork,PACK: basecamp-booth,Visit sponsor/ecosystem booth #1 on floorplan row; photo with booth branding; one sentence what they do. Agent ID.,Photo + booth name + Agent ID. UNIQUE per booth number.
BC-M-B002,micro,BOOTH_CRAWL,D1+D2,Expo booth #2,Basecamp booth visit #2 — photo + one-line pitch,0.15,25,3.75,48,24,1,open,#SuiBasecamp #SuiBasecamp2026 #t2000ai @t2000ai @SuiNetwork,PACK: basecamp-booth,Visit sponsor/ecosystem booth #2 on floorplan row; photo with booth branding; one sentence what they do. Agent ID.,Photo + booth name + Agent ID. UNIQUE per booth number.
BC-M-B003,micro,BOOTH_CRAWL,D1+D2,Expo booth #3,Basecamp booth visit #3 — photo + one-line pitch,0.15,25,3.75,48,24,1,open,#SuiBasecamp #SuiBasecamp2026 #t2000ai @t2000ai @SuiNetwork,PACK: basecamp-booth,Visit sponsor/ecosystem booth #3 on floorplan row; photo with booth branding; one sentence what they do. Agent ID.,Photo + booth name + Agent ID. UNIQUE per booth number.
BC-M-B004,micro,BOOTH_CRAWL,D1+D2,Expo booth #4,Basecamp booth visit #4 — photo + one-line pitch,0.15,25,3.75,48,24,1,open,#SuiBasecamp #SuiBasecamp2026 #t2000ai @t2000ai @SuiNetwork,PACK: basecamp-booth,Visit sponsor/ecosystem booth #4 on floorplan row; photo with booth branding; one sentence what they do. Agent ID.,Photo + booth name + Agent ID. UNIQUE per booth number.
BC-M-B005,micro,BOOTH_CRAWL,D1+D2,Expo booth #5,Basecamp booth visit #5 — photo + one-line pitch,0.15,25,3.75,48,24,1,open,#SuiBasecamp #SuiBasecamp2026 #t2000ai @t2000ai @SuiNetwork,PACK: basecamp-booth,Visit sponsor/ecosystem booth #5 on floorplan row; photo with booth branding; one sentence what they do. Agent ID.,Photo + booth name + Agent ID. UNIQUE per booth number.
BC-M-B006,micro,BOOTH_CRAWL,D1+D2,Expo booth #6,Basecamp booth visit #6 — photo + one-line pitch,0.15,25,3.75,48,24,1,open,#SuiBasecamp #SuiBasecamp2026 #t2000ai @t2000ai @SuiNetwork,PACK: basecamp-booth,Visit sponsor/ecosystem booth #6 on floorplan row; photo with booth branding; one sentence what they do. Agent ID.,Photo + booth name + Agent ID. UNIQUE per booth number.
BC-M-B007,micro,BOOTH_CRAWL,D1+D2,Expo booth #7,Basecamp booth visit #7 — photo + one-line pitch,0.15,25,3.75,48,24,1,open,#SuiBasecamp #SuiBasecamp2026 #t2000ai @t2000ai @SuiNetwork,PACK: basecamp-booth,Visit sponsor/ecosystem booth #7 on floorplan row; photo with booth branding; one sentence what they do. Agent ID.,Photo + booth name + Agent ID. UNIQUE per booth number.
BC-M-B008,micro,BOOTH_CRAWL,D1+D2,Expo booth #8,Basecamp booth visit #8 — photo + one-line pitch,0.15,25,3.75,48,24,1,open,#SuiBasecamp #SuiBasecamp2026 #t2000ai @t2000ai @SuiNetwork,PACK: basecamp-booth,Visit sponsor/ecosystem booth #8 on floorplan row; photo with booth branding; one sentence what they do. Agent ID.,Photo + booth name + Agent ID. UNIQUE per booth number.
BC-M-B009,micro,BOOTH_CRAWL,D1+D2,Expo booth #9,Basecamp booth visit #9 — photo + one-line pitch,0.15,25,3.75,48,24,1,open,#SuiBasecamp #SuiBasecamp2026 #t2000ai @t2000ai @SuiNetwork,PACK: basecamp-booth,Visit sponsor/ecosystem booth #9 on floorplan row; photo with booth branding; one sentence what they do. Agent ID.,Photo + booth name + Agent ID. UNIQUE per booth number.
BC-M-B010,micro,BOOTH_CRAWL,D1+D2,Expo booth #10,Basecamp booth visit #10 — photo + one-line pitch,0.15,25,3.75,48,24,1,open,#SuiBasecamp #SuiBasecamp2026 #t2000ai @t2000ai @SuiNetwork,PACK: basecamp-booth,Visit sponsor/ecosystem booth #10 on floorplan row; photo with booth branding; one sentence what they do. Agent ID.,Photo + booth name + Agent ID. UNIQUE per booth number.
BC-M-B011,micro,BOOTH_CRAWL,D1+D2,Expo booth #11,Basecamp booth visit #11 — photo + one-line pitch,0.15,25,3.75,48,24,1,open,#SuiBasecamp #SuiBasecamp2026 #t2000ai @t2000ai @SuiNetwork,PACK: basecamp-booth,Visit sponsor/ecosystem booth #11 on floorplan row; photo with booth branding; one sentence what they do. Agent ID.,Photo + booth name + Agent ID. UNIQUE per booth number.
BC-M-B012,micro,BOOTH_CRAWL,D1+D2,Expo booth #12,Basecamp booth visit #12 — photo + one-line pitch,0.15,25,3.75,48,24,1,open,#SuiBasecamp #SuiBasecamp2026 #t2000ai @t2000ai @SuiNetwork,PACK: basecamp-booth,Visit sponsor/ecosystem booth #12 on floorplan row; photo with booth branding; one sentence what they do. Agent ID.,Photo + booth name + Agent ID. UNIQUE per booth number.
BC-M-B013,micro,BOOTH_CRAWL,D1+D2,Expo booth #13,Basecamp booth visit #13 — photo + one-line pitch,0.15,25,3.75,48,24,1,open,#SuiBasecamp #SuiBasecamp2026 #t2000ai @t2000ai @SuiNetwork,PACK: basecamp-booth,Visit sponsor/ecosystem booth #13 on floorplan row; photo with booth branding; one sentence what they do. Agent ID.,Photo + booth name + Agent ID. UNIQUE per booth number.
BC-M-B014,micro,BOOTH_CRAWL,D1+D2,Expo booth #14,Basecamp booth visit #14 — photo + one-line pitch,0.15,25,3.75,48,24,1,open,#SuiBasecamp #SuiBasecamp2026 #t2000ai @t2000ai @SuiNetwork,PACK: basecamp-booth,Visit sponsor/ecosystem booth #14 on floorplan row; photo with booth branding; one sentence what they do. Agent ID.,Photo + booth name + Agent ID. UNIQUE per booth number.
BC-M-B015,micro,BOOTH_CRAWL,D1+D2,Expo booth #15,Basecamp booth visit #15 — photo + one-line pitch,0.15,25,3.75,48,24,1,open,#SuiBasecamp #SuiBasecamp2026 #t2000ai @t2000ai @SuiNetwork,PACK: basecamp-booth,Visit sponsor/ecosystem booth #15 on floorplan row; photo with booth branding; one sentence what they do. Agent ID.,Photo + booth name + Agent ID. UNIQUE per booth number.
BC-M-B016,micro,BOOTH_CRAWL,D1+D2,Expo booth #16,Basecamp booth visit #16 — photo + one-line pitch,0.15,25,3.75,48,24,1,open,#SuiBasecamp #SuiBasecamp2026 #t2000ai @t2000ai @SuiNetwork,PACK: basecamp-booth,Visit sponsor/ecosystem booth #16 on floorplan row; photo with booth branding; one sentence what they do. Agent ID.,Photo + booth name + Agent ID. UNIQUE per booth number.
BC-M-B017,micro,BOOTH_CRAWL,D1+D2,Expo booth #17,Basecamp booth visit #17 — photo + one-line pitch,0.15,25,3.75,48,24,1,open,#SuiBasecamp #SuiBasecamp2026 #t2000ai @t2000ai @SuiNetwork,PACK: basecamp-booth,Visit sponsor/ecosystem booth #17 on floorplan row; photo with booth branding; one sentence what they do. Agent ID.,Photo + booth name + Agent ID. UNIQUE per booth number.
BC-M-B018,micro,BOOTH_CRAWL,D1+D2,Expo booth #18,Basecamp booth visit #18 — photo + one-line pitch,0.15,25,3.75,48,24,1,open,#SuiBasecamp #SuiBasecamp2026 #t2000ai @t2000ai @SuiNetwork,PACK: basecamp-booth,Visit sponsor/ecosystem booth #18 on floorplan row; photo with booth branding; one sentence what they do. Agent ID.,Photo + booth name + Agent ID. UNIQUE per booth number.
BC-M-B019,micro,BOOTH_CRAWL,D1+D2,Expo booth #19,Basecamp booth visit #19 — photo + one-line pitch,0.15,25,3.75,48,24,1,open,#SuiBasecamp #SuiBasecamp2026 #t2000ai @t2000ai @SuiNetwork,PACK: basecamp-booth,Visit sponsor/ecosystem booth #19 on floorplan row; photo with booth branding; one sentence what they do. Agent ID.,Photo + booth name + Agent ID. UNIQUE per booth number.
BC-M-B020,micro,BOOTH_CRAWL,D1+D2,Expo booth #20,Basecamp booth visit #20 — photo + one-line pitch,0.15,25,3.75,48,24,1,open,#SuiBasecamp #SuiBasecamp2026 #t2000ai @t2000ai @SuiNetwork,PACK: basecamp-booth,Visit sponsor/ecosystem booth #20 on floorplan row; photo with booth branding; one sentence what they do. Agent ID.,Photo + booth name + Agent ID. UNIQUE per booth number.
BC-M-B021,micro,BOOTH_CRAWL,D1+D2,Expo booth #21,Basecamp booth visit #21 — photo + one-line pitch,0.15,25,3.75,48,24,1,open,#SuiBasecamp #SuiBasecamp2026 #t2000ai @t2000ai @SuiNetwork,PACK: basecamp-booth,Visit sponsor/ecosystem booth #21 on floorplan row; photo with booth branding; one sentence what they do. Agent ID.,Photo + booth name + Agent ID. UNIQUE per booth number.
BC-M-B022,micro,BOOTH_CRAWL,D1+D2,Expo booth #22,Basecamp booth visit #22 — photo + one-line pitch,0.15,25,3.75,48,24,1,open,#SuiBasecamp #SuiBasecamp2026 #t2000ai @t2000ai @SuiNetwork,PACK: basecamp-booth,Visit sponsor/ecosystem booth #22 on floorplan row; photo with booth branding; one sentence what they do. Agent ID.,Photo + booth name + Agent ID. UNIQUE per booth number.
BC-M-B023,micro,BOOTH_CRAWL,D1+D2,Expo booth #23,Basecamp booth visit #23 — photo + one-line pitch,0.15,25,3.75,48,24,1,open,#SuiBasecamp #SuiBasecamp2026 #t2000ai @t2000ai @SuiNetwork,PACK: basecamp-booth,Visit sponsor/ecosystem booth #23 on floorplan row; photo with booth branding; one sentence what they do. Agent ID.,Photo + booth name + Agent ID. UNIQUE per booth number.
BC-M-B024,micro,BOOTH_CRAWL,D1+D2,Expo booth #24,Basecamp booth visit #24 — photo + one-line pitch,0.15,25,3.75,48,24,1,open,#SuiBasecamp #SuiBasecamp2026 #t2000ai @t2000ai @SuiNetwork,PACK: basecamp-booth,Visit sponsor/ecosystem booth #24 on floorplan row; photo with booth branding; one sentence what they do. Agent ID.,Photo + booth name + Agent ID. UNIQUE per booth number.
BC-M-B025,micro,BOOTH_CRAWL,D1+D2,Expo booth #25,Basecamp booth visit #25 — photo + one-line pitch,0.15,25,3.75,48,24,1,open,#SuiBasecamp #SuiBasecamp2026 #t2000ai @t2000ai @SuiNetwork,PACK: basecamp-booth,Visit sponsor/ecosystem booth #25 on floorplan row; photo with booth branding; one sentence what they do. Agent ID.,Photo + booth name + Agent ID. UNIQUE per booth number.
BC-M-B026,micro,BOOTH_CRAWL,D1+D2,Expo booth #26,Basecamp booth visit #26 — photo + one-line pitch,0.15,25,3.75,48,24,1,open,#SuiBasecamp #SuiBasecamp2026 #t2000ai @t2000ai @SuiNetwork,PACK: basecamp-booth,Visit sponsor/ecosystem booth #26 on floorplan row; photo with booth branding; one sentence what they do. Agent ID.,Photo + booth name + Agent ID. UNIQUE per booth number.
BC-M-B027,micro,BOOTH_CRAWL,D1+D2,Expo booth #27,Basecamp booth visit #27 — photo + one-line pitch,0.15,25,3.75,48,24,1,open,#SuiBasecamp #SuiBasecamp2026 #t2000ai @t2000ai @SuiNetwork,PACK: basecamp-booth,Visit sponsor/ecosystem booth #27 on floorplan row; photo with booth branding; one sentence what they do. Agent ID.,Photo + booth name + Agent ID. UNIQUE per booth number.
BC-M-B028,micro,BOOTH_CRAWL,D1+D2,Expo booth #28,Basecamp booth visit #28 — photo + one-line pitch,0.15,25,3.75,48,24,1,open,#SuiBasecamp #SuiBasecamp2026 #t2000ai @t2000ai @SuiNetwork,PACK: basecamp-booth,Visit sponsor/ecosystem booth #28 on floorplan row; photo with booth branding; one sentence what they do. Agent ID.,Photo + booth name + Agent ID. UNIQUE per booth number.
BC-M-B029,micro,BOOTH_CRAWL,D1+D2,Expo booth #29,Basecamp booth visit #29 — photo + one-line pitch,0.15,25,3.75,48,24,1,open,#SuiBasecamp #SuiBasecamp2026 #t2000ai @t2000ai @SuiNetwork,PACK: basecamp-booth,Visit sponsor/ecosystem booth #29 on floorplan row; photo with booth branding; one sentence what they do. Agent ID.,Photo + booth name + Agent ID. UNIQUE per booth number.
BC-M-B030,micro,BOOTH_CRAWL,D1+D2,Expo booth #30,Basecamp booth visit #30 — photo + one-line pitch,0.15,25,3.75,48,24,1,open,#SuiBasecamp #SuiBasecamp2026 #t2000ai @t2000ai @SuiNetwork,PACK: basecamp-booth,Visit sponsor/ecosystem booth #30 on floorplan row; photo with booth branding; one sentence what they do. Agent ID.,Photo + booth name + Agent ID. UNIQUE per booth number.
BC-M-B031,micro,BOOTH_CRAWL,D1+D2,Expo booth #31,Basecamp booth visit #31 — photo + one-line pitch,0.15,25,3.75,48,24,1,open,#SuiBasecamp #SuiBasecamp2026 #t2000ai @t2000ai @SuiNetwork,PACK: basecamp-booth,Visit sponsor/ecosystem booth #31 on floorplan row; photo with booth branding; one sentence what they do. Agent ID.,Photo + booth name + Agent ID. UNIQUE per booth number.
BC-M-B032,micro,BOOTH_CRAWL,D1+D2,Expo booth #32,Basecamp booth visit #32 — photo + one-line pitch,0.15,25,3.75,48,24,1,open,#SuiBasecamp #SuiBasecamp2026 #t2000ai @t2000ai @SuiNetwork,PACK: basecamp-booth,Visit sponsor/ecosystem booth #32 on floorplan row; photo with booth branding; one sentence what they do. Agent ID.,Photo + booth name + Agent ID. UNIQUE per booth number.
BC-M-B033,micro,BOOTH_CRAWL,D1+D2,Expo booth #33,Basecamp booth visit #33 — photo + one-line pitch,0.15,25,3.75,48,24,1,open,#SuiBasecamp #SuiBasecamp2026 #t2000ai @t2000ai @SuiNetwork,PACK: basecamp-booth,Visit sponsor/ecosystem booth #33 on floorplan row; photo with booth branding; one sentence what they do. Agent ID.,Photo + booth name + Agent ID. UNIQUE per booth number.
BC-M-B034,micro,BOOTH_CRAWL,D1+D2,Expo booth #34,Basecamp booth visit #34 — photo + one-line pitch,0.15,25,3.75,48,24,1,open,#SuiBasecamp #SuiBasecamp2026 #t2000ai @t2000ai @SuiNetwork,PACK: basecamp-booth,Visit sponsor/ecosystem booth #34 on floorplan row; photo with booth branding; one sentence what they do. Agent ID.,Photo + booth name + Agent ID. UNIQUE per booth number.
BC-M-B035,micro,BOOTH_CRAWL,D1+D2,Expo booth #35,Basecamp booth visit #35 — photo + one-line pitch,0.15,25,3.75,48,24,1,open,#SuiBasecamp #SuiBasecamp2026 #t2000ai @t2000ai @SuiNetwork,PACK: basecamp-booth,Visit sponsor/ecosystem booth #35 on floorplan row; photo with booth branding; one sentence what they do. Agent ID.,Photo + booth name + Agent ID. UNIQUE per booth number.
BC-M-H111,micro,HYPE,D1,Floor-wide,D1 11:00 SGT — floor temperature check,0.12,15,1.8,6,6,1,open,#SuiBasecamp #SuiBasecamp2026 #t2000ai @t2000ai @SuiNetwork,PACK: basecamp-hype,During D1 ~11:00–12:00 SGT: one photo of crowd energy + estimated headcount band (sparse/medium/packed).,Photo timestamp within window; Agent ID.
BC-M-H112,micro,HYPE,D1,Floor-wide,D1 12:00 SGT — floor temperature check,0.12,15,1.8,6,6,1,open,#SuiBasecamp #SuiBasecamp2026 #t2000ai @t2000ai @SuiNetwork,PACK: basecamp-hype,During D1 ~12:00–13:00 SGT: one photo of crowd energy + estimated headcount band (sparse/medium/packed).,Photo timestamp within window; Agent ID.
BC-M-H113,micro,HYPE,D1,Floor-wide,D1 13:00 SGT — floor temperature check,0.12,15,1.8,6,6,1,open,#SuiBasecamp #SuiBasecamp2026 #t2000ai @t2000ai @SuiNetwork,PACK: basecamp-hype,During D1 ~13:00–14:00 SGT: one photo of crowd energy + estimated headcount band (sparse/medium/packed).,Photo timestamp within window; Agent ID.
BC-M-H114,micro,HYPE,D1,Floor-wide,D1 14:00 SGT — floor temperature check,0.12,15,1.8,6,6,1,open,#SuiBasecamp #SuiBasecamp2026 #t2000ai @t2000ai @SuiNetwork,PACK: basecamp-hype,During D1 ~14:00–15:00 SGT: one photo of crowd energy + estimated headcount band (sparse/medium/packed).,Photo timestamp within window; Agent ID.
BC-M-H115,micro,HYPE,D1,Floor-wide,D1 15:00 SGT — floor temperature check,0.12,15,1.8,6,6,1,open,#SuiBasecamp #SuiBasecamp2026 #t2000ai @t2000ai @SuiNetwork,PACK: basecamp-hype,During D1 ~15:00–16:00 SGT: one photo of crowd energy + estimated headcount band (sparse/medium/packed).,Photo timestamp within window; Agent ID.
BC-M-H116,micro,HYPE,D1,Floor-wide,D1 16:00 SGT — floor temperature check,0.12,15,1.8,6,6,1,open,#SuiBasecamp #SuiBasecamp2026 #t2000ai @t2000ai @SuiNetwork,PACK: basecamp-hype,During D1 ~16:00–17:00 SGT: one photo of crowd energy + estimated headcount band (sparse/medium/packed).,Photo timestamp within window; Agent ID.
BC-M-H117,micro,HYPE,D1,Floor-wide,D1 17:00 SGT — floor temperature check,0.12,15,1.8,6,6,1,open,#SuiBasecamp #SuiBasecamp2026 #t2000ai @t2000ai @SuiNetwork,PACK: basecamp-hype,During D1 ~17:00–18:00 SGT: one photo of crowd energy + estimated headcount band (sparse/medium/packed).,Photo timestamp within window; Agent ID.
BC-M-H211,micro,HYPE,D2,Floor-wide,D2 11:00 SGT — floor temperature check,0.12,15,1.8,6,6,1,open,#SuiBasecamp #SuiBasecamp2026 #t2000ai @t2000ai @SuiNetwork,PACK: basecamp-hype,During D2 ~11:00–12:00 SGT: one photo of crowd energy + estimated headcount band (sparse/medium/packed).,Photo timestamp within window; Agent ID.
BC-M-H212,micro,HYPE,D2,Floor-wide,D2 12:00 SGT — floor temperature check,0.12,15,1.8,6,6,1,open,#SuiBasecamp #SuiBasecamp2026 #t2000ai @t2000ai @SuiNetwork,PACK: basecamp-hype,During D2 ~12:00–13:00 SGT: one photo of crowd energy + estimated headcount band (sparse/medium/packed).,Photo timestamp within window; Agent ID.
BC-M-H213,micro,HYPE,D2,Floor-wide,D2 13:00 SGT — floor temperature check,0.12,15,1.8,6,6,1,open,#SuiBasecamp #SuiBasecamp2026 #t2000ai @t2000ai @SuiNetwork,PACK: basecamp-hype,During D2 ~13:00–14:00 SGT: one photo of crowd energy + estimated headcount band (sparse/medium/packed).,Photo timestamp within window; Agent ID.
BC-M-H214,micro,HYPE,D2,Floor-wide,D2 14:00 SGT — floor temperature check,0.12,15,1.8,6,6,1,open,#SuiBasecamp #SuiBasecamp2026 #t2000ai @t2000ai @SuiNetwork,PACK: basecamp-hype,During D2 ~14:00–15:00 SGT: one photo of crowd energy + estimated headcount band (sparse/medium/packed).,Photo timestamp within window; Agent ID.
BC-M-H215,micro,HYPE,D2,Floor-wide,D2 15:00 SGT — floor temperature check,0.12,15,1.8,6,6,1,open,#SuiBasecamp #SuiBasecamp2026 #t2000ai @t2000ai @SuiNetwork,PACK: basecamp-hype,During D2 ~15:00–16:00 SGT: one photo of crowd energy + estimated headcount band (sparse/medium/packed).,Photo timestamp within window; Agent ID.
BC-M-H216,micro,HYPE,D2,Floor-wide,D2 16:00 SGT — floor temperature check,0.12,15,1.8,6,6,1,open,#SuiBasecamp #SuiBasecamp2026 #t2000ai @t2000ai @SuiNetwork,PACK: basecamp-hype,During D2 ~16:00–17:00 SGT: one photo of crowd energy + estimated headcount band (sparse/medium/packed).,Photo timestamp within window; Agent ID.
BC-M-H217,micro,HYPE,D2,Floor-wide,D2 17:00 SGT — floor temperature check,0.12,15,1.8,6,6,1,open,#SuiBasecamp #SuiBasecamp2026 #t2000ai @t2000ai @SuiNetwork,PACK: basecamp-hype,During D2 ~17:00–18:00 SGT: one photo of crowd energy + estimated headcount band (sparse/medium/packed).,Photo timestamp within window; Agent ID.
BC-M-X01,micro,X_SOCIAL,D1+D2,Any,X engagement #1 — reply with insight (not spam),0.1,50,5.0,48,24,1,open,#SuiBasecamp #SuiBasecamp2026 #t2000ai @t2000ai @SuiNetwork,PACK: basecamp-social,Find a Basecamp-related post (t2000/Sui/builders); reply with ≥2 sentences of substance. Disclosure: paid bounty. Variation #1.,Permalink to your reply + Agent ID.
BC-M-X02,micro,X_SOCIAL,D1+D2,Any,X engagement #2 — reply with insight (not spam),0.1,50,5.0,48,24,1,open,#SuiBasecamp #SuiBasecamp2026 #t2000ai @t2000ai @SuiNetwork,PACK: basecamp-social,Find a Basecamp-related post (t2000/Sui/builders); reply with ≥2 sentences of substance. Disclosure: paid bounty. Variation #2.,Permalink to your reply + Agent ID.
BC-M-X03,micro,X_SOCIAL,D1+D2,Any,X engagement #3 — reply with insight (not spam),0.1,50,5.0,48,24,1,open,#SuiBasecamp #SuiBasecamp2026 #t2000ai @t2000ai @SuiNetwork,PACK: basecamp-social,Find a Basecamp-related post (t2000/Sui/builders); reply with ≥2 sentences of substance. Disclosure: paid bounty. Variation #3.,Permalink to your reply + Agent ID.
BC-M-X04,micro,X_SOCIAL,D1+D2,Any,X engagement #4 — reply with insight (not spam),0.1,50,5.0,48,24,1,open,#SuiBasecamp #SuiBasecamp2026 #t2000ai @t2000ai @SuiNetwork,PACK: basecamp-social,Find a Basecamp-related post (t2000/Sui/builders); reply with ≥2 sentences of substance. Disclosure: paid bounty. Variation #4.,Permalink to your reply + Agent ID.
BC-M-X05,micro,X_SOCIAL,D1+D2,Any,X engagement #5 — reply with insight (not spam),0.1,50,5.0,48,24,1,open,#SuiBasecamp #SuiBasecamp2026 #t2000ai @t2000ai @SuiNetwork,PACK: basecamp-social,Find a Basecamp-related post (t2000/Sui/builders); reply with ≥2 sentences of substance. Disclosure: paid bounty. Variation #5.,Permalink to your reply + Agent ID.
BC-M-X06,micro,X_SOCIAL,D1+D2,Any,X engagement #6 — reply with insight (not spam),0.1,50,5.0,48,24,1,open,#SuiBasecamp #SuiBasecamp2026 #t2000ai @t2000ai @SuiNetwork,PACK: basecamp-social,Find a Basecamp-related post (t2000/Sui/builders); reply with ≥2 sentences of substance. Disclosure: paid bounty. Variation #6.,Permalink to your reply + Agent ID.
BC-M-X07,micro,X_SOCIAL,D1+D2,Any,X engagement #7 — reply with insight (not spam),0.1,50,5.0,48,24,1,open,#SuiBasecamp #SuiBasecamp2026 #t2000ai @t2000ai @SuiNetwork,PACK: basecamp-social,Find a Basecamp-related post (t2000/Sui/builders); reply with ≥2 sentences of substance. Disclosure: paid bounty. Variation #7.,Permalink to your reply + Agent ID.
BC-M-X08,micro,X_SOCIAL,D1+D2,Any,X engagement #8 — reply with insight (not spam),0.1,50,5.0,48,24,1,open,#SuiBasecamp #SuiBasecamp2026 #t2000ai @t2000ai @SuiNetwork,PACK: basecamp-social,Find a Basecamp-related post (t2000/Sui/builders); reply with ≥2 sentences of substance. Disclosure: paid bounty. Variation #8.,Permalink to your reply + Agent ID.
BC-M-X09,micro,X_SOCIAL,D1+D2,Any,X engagement #9 — reply with insight (not spam),0.1,50,5.0,48,24,1,open,#SuiBasecamp #SuiBasecamp2026 #t2000ai @t2000ai @SuiNetwork,PACK: basecamp-social,Find a Basecamp-related post (t2000/Sui/builders); reply with ≥2 sentences of substance. Disclosure: paid bounty. Variation #9.,Permalink to your reply + Agent ID.
BC-M-X10,micro,X_SOCIAL,D1+D2,Any,X engagement #10 — reply with insight (not spam),0.1,50,5.0,48,24,1,open,#SuiBasecamp #SuiBasecamp2026 #t2000ai @t2000ai @SuiNetwork,PACK: basecamp-social,Find a Basecamp-related post (t2000/Sui/builders); reply with ≥2 sentences of substance. Disclosure: paid bounty. Variation #10.,Permalink to your reply + Agent ID.
BC-M-X11,micro,X_SOCIAL,D1+D2,Any,X engagement #11 — reply with insight (not spam),0.1,50,5.0,48,24,1,open,#SuiBasecamp #SuiBasecamp2026 #t2000ai @t2000ai @SuiNetwork,PACK: basecamp-social,Find a Basecamp-related post (t2000/Sui/builders); reply with ≥2 sentences of substance. Disclosure: paid bounty. Variation #11.,Permalink to your reply + Agent ID.
BC-M-X12,micro,X_SOCIAL,D1+D2,Any,X engagement #12 — reply with insight (not spam),0.1,50,5.0,48,24,1,open,#SuiBasecamp #SuiBasecamp2026 #t2000ai @t2000ai @SuiNetwork,PACK: basecamp-social,Find a Basecamp-related post (t2000/Sui/builders); reply with ≥2 sentences of substance. Disclosure: paid bounty. Variation #12.,Permalink to your reply + Agent ID.
BC-M-X13,micro,X_SOCIAL,D1+D2,Any,X engagement #13 — reply with insight (not spam),0.1,50,5.0,48,24,1,open,#SuiBasecamp #SuiBasecamp2026 #t2000ai @t2000ai @SuiNetwork,PACK: basecamp-social,Find a Basecamp-related post (t2000/Sui/builders); reply with ≥2 sentences of substance. Disclosure: paid bounty. Variation #13.,Permalink to your reply + Agent ID.
BC-M-X14,micro,X_SOCIAL,D1+D2,Any,X engagement #14 — reply with insight (not spam),0.1,50,5.0,48,24,1,open,#SuiBasecamp #SuiBasecamp2026 #t2000ai @t2000ai @SuiNetwork,PACK: basecamp-social,Find a Basecamp-related post (t2000/Sui/builders); reply with ≥2 sentences of substance. Disclosure: paid bounty. Variation #14.,Permalink to your reply + Agent ID.
BC-M-X15,micro,X_SOCIAL,D1+D2,Any,X engagement #15 — reply with insight (not spam),0.1,50,5.0,48,24,1,open,#SuiBasecamp #SuiBasecamp2026 #t2000ai @t2000ai @SuiNetwork,PACK: basecamp-social,Find a Basecamp-related post (t2000/Sui/builders); reply with ≥2 sentences of substance. Disclosure: paid bounty. Variation #15.,Permalink to your reply + Agent ID.
BC-M-X16,micro,X_SOCIAL,D1+D2,Any,X engagement #16 — reply with insight (not spam),0.1,50,5.0,48,24,1,open,#SuiBasecamp #SuiBasecamp2026 #t2000ai @t2000ai @SuiNetwork,PACK: basecamp-social,Find a Basecamp-related post (t2000/Sui/builders); reply with ≥2 sentences of substance. Disclosure: paid bounty. Variation #16.,Permalink to your reply + Agent ID.
BC-M-X17,micro,X_SOCIAL,D1+D2,Any,X engagement #17 — reply with insight (not spam),0.1,50,5.0,48,24,1,open,#SuiBasecamp #SuiBasecamp2026 #t2000ai @t2000ai @SuiNetwork,PACK: basecamp-social,Find a Basecamp-related post (t2000/Sui/builders); reply with ≥2 sentences of substance. Disclosure: paid bounty. Variation #17.,Permalink to your reply + Agent ID.
BC-M-X18,micro,X_SOCIAL,D1+D2,Any,X engagement #18 — reply with insight (not spam),0.1,50,5.0,48,24,1,open,#SuiBasecamp #SuiBasecamp2026 #t2000ai @t2000ai @SuiNetwork,PACK: basecamp-social,Find a Basecamp-related post (t2000/Sui/builders); reply with ≥2 sentences of substance. Disclosure: paid bounty. Variation #18.,Permalink to your reply + Agent ID.
BC-M-X19,micro,X_SOCIAL,D1+D2,Any,X engagement #19 — reply with insight (not spam),0.1,50,5.0,48,24,1,open,#SuiBasecamp #SuiBasecamp2026 #t2000ai @t2000ai @SuiNetwork,PACK: basecamp-social,Find a Basecamp-related post (t2000/Sui/builders); reply with ≥2 sentences of substance. Disclosure: paid bounty. Variation #19.,Permalink to your reply + Agent ID.
BC-M-X20,micro,X_SOCIAL,D1+D2,Any,X engagement #20 — reply with insight (not spam),0.1,50,5.0,48,24,1,open,#SuiBasecamp #SuiBasecamp2026 #t2000ai @t2000ai @SuiNetwork,PACK: basecamp-social,Find a Basecamp-related post (t2000/Sui/builders); reply with ≥2 sentences of substance. Disclosure: paid bounty. Variation #20.,Permalink to your reply + Agent ID.
BC-MED-Z1,med,JOB_LOOP,D1+D2,Trading Arena,Job loop — hire at Trading Arena (≥$0.25 proof),2.5,12,30.0,48,72,1,open,#SuiBasecamp #SuiBasecamp2026 #t2000ai @t2000ai @SuiNetwork,PACK: basecamp-med,Fund proof job ≥$0.25 near Trading Arena; different seller; you settle; full loop proof. No penny proofs.,proof jobId + both Agent IDs + released status.
BC-MED-Z2,med,JOB_LOOP,D1+D2,Coffee Cart,Job loop — hire at Coffee Cart (≥$0.25 proof),2.5,12,30.0,48,72,1,open,#SuiBasecamp #SuiBasecamp2026 #t2000ai @t2000ai @SuiNetwork,PACK: basecamp-med,Fund proof job ≥$0.25 near Coffee Cart; different seller; you settle; full loop proof. No penny proofs.,proof jobId + both Agent IDs + released status.
BC-MED-Z3,med,JOB_LOOP,D1+D2,Popcorn Cart,Job loop — hire at Popcorn Cart (≥$0.25 proof),2.5,12,30.0,48,72,1,open,#SuiBasecamp #SuiBasecamp2026 #t2000ai @t2000ai @SuiNetwork,PACK: basecamp-med,Fund proof job ≥$0.25 near Popcorn Cart; different seller; you settle; full loop proof. No penny proofs.,proof jobId + both Agent IDs + released status.
BC-MED-Z4,med,JOB_LOOP,D1+D2,Ice Cream Cart,Job loop — hire at Ice Cream Cart (≥$0.25 proof),2.5,12,30.0,48,72,1,open,#SuiBasecamp #SuiBasecamp2026 #t2000ai @t2000ai @SuiNetwork,PACK: basecamp-med,Fund proof job ≥$0.25 near Ice Cream Cart; different seller; you settle; full loop proof. No penny proofs.,proof jobId + both Agent IDs + released status.
BC-MED-Z5,med,JOB_LOOP,D1+D2,Cash Grab,Job loop — hire at Cash Grab (≥$0.25 proof),2.5,12,30.0,48,72,1,open,#SuiBasecamp #SuiBasecamp2026 #t2000ai @t2000ai @SuiNetwork,PACK: basecamp-med,Fund proof job ≥$0.25 near Cash Grab; different seller; you settle; full loop proof. No penny proofs.,proof jobId + both Agent IDs + released status.
BC-MED-Z6,med,JOB_LOOP,D1+D2,Tote Studio,Job loop — hire at Tote Studio (≥$0.25 proof),2.5,12,30.0,48,72,1,open,#SuiBasecamp #SuiBasecamp2026 #t2000ai @t2000ai @SuiNetwork,PACK: basecamp-med,Fund proof job ≥$0.25 near Tote Studio; different seller; you settle; full loop proof. No penny proofs.,proof jobId + both Agent IDs + released status.
BC-S-MCP-MAIN,small,MCP_CONNECT,D1+D2,Mainstage,MCP demo — 3 tools from Mainstage,0.65,35,22.75,48,48,1,open,#SuiBasecamp #SuiBasecamp2026 #t2000ai @t2000ai @SuiNetwork,PACK: basecamp-small,At/near Mainstage: call 3 Connect tools; redacted transcripts; timestamp; Agent ID.,3 tool names + transcripts.
BC-S-MCP-LAB,small,MCP_CONNECT,D1+D2,AI Lab,MCP demo — 3 tools from AI Lab,0.65,35,22.75,48,48,1,open,#SuiBasecamp #SuiBasecamp2026 #t2000ai @t2000ai @SuiNetwork,PACK: basecamp-small,At/near AI Lab: call 3 Connect tools; redacted transcripts; timestamp; Agent ID.,3 tool names + transcripts.
BC-S-MCP-EXCH,small,MCP_CONNECT,D1+D2,Exchange,MCP demo — 3 tools from Exchange,0.65,35,22.75,48,48,1,open,#SuiBasecamp #SuiBasecamp2026 #t2000ai @t2000ai @SuiNetwork,PACK: basecamp-small,At/near Exchange: call 3 Connect tools; redacted transcripts; timestamp; Agent ID.,3 tool names + transcripts.
